{
  "Compatibility": "Compatible",
  "Contributors": {
    "Developer": [ "Quinn Wuest" ],
    "Idea": [ "Obvious" ],
    "Modeling": [ "GhostSalt" ],
    "Rule seed": [ "Timwi" ]
  },
  "DefuserDifficulty": "Easy",
  "Description": "Determine which webs to draw based on the flashing and movements of the spider. Tags: spider, flashing-spider, grass-background, flowers",
  "ExpertDifficulty": "Medium",
  "ModuleID": "SimonsSpiderModule",
  "Name": "Simon's Spider'",
  "Origin": "Mods",
  "Published": "2025-07-11",
  "RuleSeedSupport": "Supported",
  "SortKey": "SIMONSSPIDER",
  "SourceUrl": "https://github.com/QuinnWuest/KtaneSimonsSpider",
  "Souvenir": { "Status": "NotACandidate" },
  "SteamID": "3513975065",
  "Symbol": "Sspd",
  "Type": "Regular"
}